#;NAME;P0;P1;ASSOC;PSR;
;;(s);;;TYPE;
1;J0023+0923;0.003050;1.14e-20;GRS:4FGL_J0023.4+0920[aab+22],OPT:[bvr+1;HE;
2;B0021-72E;0.003536;9.85e-20;GC:47Tuc(NGC104),XRS:[bgh+06];*;
3;B0021-72H;0.003210;-1.83e-21;GC:47Tuc(NGC104),XRS:[bgh+06];*;
4;B0021-72I;0.003485;-4.59e-20;GC:47Tuc(NGC104),XRS:[bgh+06];*;
5;B0021-72J;0.002101;-9.79e-21;GC:47Tuc(NGC104),XRS:[bgh+06];*;
6;J0024-7204O;0.002643;3.03e-20;GC:47Tuc(NGC104),XRS:[bgh+06];*;
7;J0024-7204P;0.003643;6.64e-19;GC:47Tuc(NGC104);*;
8;J0024-7204Q;0.004033;3.40e-20;GC:47Tuc(NGC104),XRS:[bgh+06],OPT:[rvh+1;*;
9;J0024-7204R;0.003480;1.48e-19;GC:47Tuc(NGC104),XRS:[bgh+06];*;
10;J0024-7204S;0.002830;-1.21e-19;GC:47Tuc(NGC104),XRS:[bhc+17],OPT:[rvh+1;*;
11;J0024-7204T;0.007588;2.94e-19;GC:47Tuc(NGC104),XRS:[bgh+06],OPT:[cpf+1;*;
12;J0024-7204U;0.004343;9.52e-20;GC:47Tuc(NGC104),XRS:[bgh+06],OPT:[cpf+1;*;
13;J0024-7204V;0.004810;*;GC:47Tuc(NGC104);*;
14;J0024-7204W;0.002352;-8.66e-20;GC:47Tuc(NGC104),XRS:[bgh+06];*;
15;J0024-7204X;0.004772;1.84e-20;GC:47Tuc(NGC104);*;
16;J0024-7204Y;0.002197;-3.52e-20;GC:47Tuc(NGC104),OPT:[cpf+15];*;
17;J0024-7204ac;0.002740;*;GC:47Tuc(NGC104);*;
18;J0024-7204ad;0.003740;*;GC:47Tuc(NGC104);*;
19;J0032+6946;0.036804;3.59e-18;*;*;
20;J0034-0534;0.001877;4.97e-21;GRS:4FGL_J0034.3-0534[aab+22];HE[aaa+10b];
21;J0045-7319;0.926276;4.46e-15;EXGAL:SMC;*;
22;J0101-6422;0.002573;5.16e-21;GRS:4FGL_J0101.1-6422[aab+22],XRS:[pb15];HE[aab+22];
23;J0102+4839;0.002964;1.14e-20;GRS:4FGL_J0102.8+4839[aab+22];HE[aab+22];
24;J0125-2327;0.003675;1.84e-20;*;*;
25;J0203-0150;0.005173;1.43e-20;*;*;
26;J0214+5222;0.024575;2.96e-19;*;*;
27;J0218+4232;0.002323;7.74e-20;GRS:4FGL_J0218.1+4232[aab+22];HE[khvb98],HE[aaa+09f];
28;J0251+2606;0.002542;7.57e-21;GRS:4FGL_J0251.0+2605[drc+21];HE[cck+16];
29;J0307+7443;0.003156;1.73e-20;GRS:4FGL_J0307.8+7443[aab+22];HE[hrm+11],HE[aab+22];
30;J0312-0921;0.003704;1.97e-20;GRS:4FGL_J0312.1-0921[aab+22];HE[trr+21],HE[aab+22];
31;J0337+1715;0.002733;1.77e-20;OPT:[rsa+14],XRS:[ska+16];*;
32;J0348+0432;0.039123;2.41e-19;*;*;
33;J0407+1607;0.025702;7.90e-20;*;*;
34;J0437-4715;0.005757;5.73e-20;GRS:4FGL_J0437.2-4715[aab+22],OPT:[bbm+9;HE[bt93],HE[aaa+09f];
35;J0453+1559;0.045782;1.86e-19;*;*;
36;J0509+0856;0.004056;4.41e-21;*;*;
37;J0509+3801;0.076541;7.93e-18;*;*;
38;J0514-4002A;0.004991;6.97e-22;GC:NGC1851[fgri04];*;
39;J0514-4002D;0.004554;*;GC:NGC1851[rfg+22];*;
40;J0514-4002E;0.005596;*;GC:NGC1851[rfg+22];*;
41;J0514-4002F;0.004329;*;GC:NGC1851[rfg+22];*;
42;J0514-4002G;0.003803;*;GC:NGC1851[rfg+22];*;
43;J0514-4002H;0.005506;*;GC:NGC1851[rfg+22];*;
44;J0514-4002I;0.032654;*;GC:NGC1851[rfg+22];*;
45;J0514-4002L;0.002959;*;GC:NGC1851[rfg+22];*;
46;J0557+1550;0.002556;7.35e-21;*;*;
47;J0605+3757;0.002728;4.72e-21;GRS:4FGL_J0605.1+3757[aab+22];HE;
48;J0610-2100;0.003861;1.23e-20;GRS:4FGL_J0610.2-2100[aab+22],OPT:[pmd+1;HE[egc+13];
49;J0613-0200;0.003062;9.59e-21;GRS:4FGL_J0613.7-0201[aab+22];HE[aab+22];
50;J0614-3329;0.003149;1.74e-20;GRS:4FGL_J0614.1-3329[aab+22];HE[aab+22];
51;J0621+1002;0.028854;4.73e-20;*;*;
52;J0621+2514;0.002722;2.48e-20;GRS:4FGL_J0621.2+2512[aab+22];HE[aab+22];
53;J0636+5128;0.002869;3.51e-21;XRS:[ska+16],GRS:[sbc+19];HE[sbc+19];
54;J0653+4706;0.004758;2.08e-20;GRS:4FGL_J0652.9+4707[aab+22];HE;
55;B0655+64;0.195671;6.85e-19;*;*;
56;J0709+0458;0.034429;3.80e-19;*;*;
57;J0721-2038;0.015542;4.40e-20;*;*;
58;J0732+2314;0.004090;6.02e-21;*;*;
59;J0737-3039A;0.022699;1.76e-18;*;HE[cgm+07],HE[gkj+13];
60;J0737-3039B;2.773461;8.92e-16;*;*;
61;J0740+6620;0.002886;1.22e-20;GRS:4FGL_J0741.0+6618[aab+22];HE[lsg+15],HE[aab+22];
62;J0742+4110;0.003139;6.69e-21;*;*;
63;J0751+1807;0.003479;7.79e-21;GRS:4FGL_J0751.2+1808[aab+22];HE[wob+04],HE[aaa+09f];
64;B0820+02;0.864873;1.05e-16;*;*;
65;J0824+0028;0.009861;1.47e-19;*;*;
66;J0843+67;0.002846;*;GRS:4FGL_J0843.3+6712[aab+22];HE[trr+21],HE[aab+22];
67;J0900-3144;0.011110;4.89e-20;*;*;
68;J0921-5202;0.009680;1.70e-20;*;*;
69;J0925+6103;0.005983;1.61e-20;*;*;
70;J0952-0607;0.001414;4.77e-21;GRS:4FGL_J0952.1-0607[aab+22],OPT:[bph+1;HE[ncb+19];
71;J0954-5754;0.004835;*;*;*;
72;J0955-6150;0.001999;1.43e-20;GRS:4FGL_J0955.4-6151[aab+22];HE[ckr+15];
73;J1012+5307;0.005256;1.71e-20;OPT:[cgk98];HE[wob+04];
74;J1012-4235;0.003101;*;GRS:4FGL_J1012.1-4235[aab+22];HE[ckr+15];
75;J1015-5359;0.020800;*;*;*;
76;J1017-7156;0.002339;2.21e-21;*;*;
77;J1018-1523;0.083153;1.09e-19;*;*;
78;J1022+1001;0.016453;4.33e-20;*;*;
79;J1023+0038;0.001688;6.93e-21;OPT:AY_Sex[asr+09],XRS:[akb+10];HE[jah+16],HE[aps+17];
80;J1030-6008;0.027324;*;*;*;
81;J1034-5934;0.034471;*;*;*;
82;J1036-4353;0.001680;*;*;*;
83;J1036-8317;0.003408;*;GRS:4FGL_J1036.5-8318[aab+22];HE[ckr+15];
84;J1045-0436;0.024048;7.86e-20;*;*;
85;J1045-4509;0.007474;1.77e-20;*;*;
86;J1048+2339;0.004665;3.01e-20;GRS:4FGL_J1048.6+2340[aab+22];HE[drc+21];
87;J1056-7117;0.026310;6.30e-20;*;*;
88;J1101-6424;0.005109;1.80e-21;*;*;
89;J1108-6329;0.004278;*;*;*;
90;J1120-3618;0.005557;9.26e-22;*;*;
91;J1124-3653;0.002410;6.01e-21;GRS:4FGL_J1124.0-3653[aab+22];HE;
92;J1125+7819;0.004202;6.94e-21;*;*;
93;J1125-5825;0.003102;6.09e-20;GRS:4FGL_J1125.6-5825[aab+22];HE;
94;J1125-6014;0.002630;3.73e-21;GRS:4FGL_J1126.4-6011[aab+22];HE[sbc+19];
95;J1137+7528;0.002513;3.24e-21;GRS:4FGL_J1137.6+7527[aab+22];HE;
96;J1141-6545;0.393899;4.31e-15;OPT:[abw+11];*;
97;J1142+0119;0.005075;1.50e-20;GRS:4FGL_J1142.8+0120[aab+22];HE;
98;J1146-6610;0.003722;7.93e-21;*;*;
99;J1155-6529;0.078870;*;*;*;
100;J1157-5112;0.043589;1.43e-19;*;*;
101;J1208-5936;0.028714;2.97e-20;*;*;
102;J1216-6410;0.003539;1.62e-21;*;*;
103;J1221-0633;0.001935;5.27e-21;GRS:4FGL_J1221.4-0634[aab+22];HE[aab+22];
104;J1227-4853;0.001686;1.11e-20;GRS:4FGL_J1228.0-4853[aab+22],XRS:XSS_J1;HE[pdb+15],HE[jrr+15];
105;J1227-6208;0.034528;1.87e-19;*;*;
106;J1231-1411;0.003684;2.26e-20;GRS:4FGL_J1231.1-1412[aab+22];HE;
107;J1232-6501;0.088282;8.11e-19;*;*;
108;J1239+3239;0.004701;3.87e-21;*;*;
109;J1244-6359;0.147274;4.40e-18;*;*;
110;B1257+12;0.006219;1.14e-19;XRS:[pkgw07];*;
111;J1301+0833;0.001844;1.06e-20;GRS:4FGL_J1301.6+0834[aab+22],OPT:[lht14;HE;
112;J1302-3258;0.003771;6.54e-21;GRS:4FGL_J1302.4-3258[aab+22];HE[hrm+11],HE[aab+22];
113;B1259-63;0.047763;2.28e-15;*;*;
114;J1306-4035;0.002205;*;GRS:4FGL_J1306.8-4035[aab+22],OPT:SSS_J1;HE[aab+22];
115;J1306-6043;0.005671;*;*;*;
116;J1311-3430;0.002560;2.10e-20;GRS:4FGL_J1311.7-3430[aab+22],OPT:[rom12;HE;
117;J1312+0051;0.004228;1.75e-20;GRS:4FGL_J1312.7+0050[aab+22];HE;
118;B1310+18;0.033163;*;GC:M53(NGC5024);*;
119;J1312+1810B;0.006242;-1.75e-20;GC:M53(NGC5024)[pqm+21];*;
120;J1312+1810D;0.006070;2.26e-20;GC:M53(NGC5024)[pqm+21];*;
121;J1312+1810E;0.003972;-7.57e-21;GC:M53(NGC5024)[lpz+23];*;
122;J1317-0157;0.002908;5.50e-21;*;*;
123;J1325-6253;0.028969;4.80e-20;*;*;
124;J1326-4728B;0.004792;-5.43e-20;GC:OmegaCen(NGC5139)[djk+20],XRS:J132649;*;
125;J1327-0755;0.002678;1.80e-21;*;HE[sbc+19];
126;J1337-6423;0.009423;2.47e-20;*;*;
127;J1338-6425;0.004088;*;*;*;
128;J1342+2822A;0.002545;*;GC:M3(NGC5272);*;
129;J1342+2822B;0.002389;1.86e-20;GC:M3(NGC5272),OPT:[cfi+19];*;
130;J1342+2822D;0.005443;*;GC:M3(NGC5272);*;
131;J1400-1431;0.003084;7.23e-21;GRS:4FGL_J1400.6-1432[aab+22],OPT:[skm+1;HE[aab+22];
132;J1402+1306;0.005892;1.35e-20;GRS:4FGL_J1402.7+1306[aab+22];HE[saa+23];
133;J1405-4656;0.007602;2.79e-20;*;*;
134;J1411+2551;0.062453;9.60e-20;*;*;
135;J1413-5936;0.021676;*;*;*;
136;J1417-4402;0.002664;*;GRS:4FGL_J1417.6-4403[aab+22],XRS:[scc+1;HE;
137;J1420-5625;0.034117;6.75e-20;*;*;
138;J1421-4409;0.006386;1.24e-20;*;*;
139;J1431-4715;0.002012;1.41e-20;GRS:4FGL_J1431.4-4711[aab+22];HE[btb+15],HE[aab+22];
140;J1431-5740;0.004111;6.42e-21;*;*;
141;J1435-6100;0.009348;2.45e-20;*;*;
142;J1439-5501;0.028635;1.42e-19;GRS:4FGL_J1440.2-5505[aab+22];HE[fsk+04],HE[aab+22];
143;J1446-4701;0.002195;9.81e-21;GRS:4FGL_J1446.6-4701[aab+22];HE;
144;J1454-5846;0.045249;8.17e-19;*;*;
145;J1455-3330;0.007987;2.43e-20;GRS:4FGL_J1455-3331[aab+22];HE[lnl+95],HE[aab+22];
146;J1502-6752;0.026744;3.15e-19;*;*;
147;J1510-5254;0.004779;*;*;*;
148;J1513-2550;0.002119;2.16e-20;GRS:4FGL_J1513.4-2549[aab+22];HE;
149;J1514-4946;0.003589;1.86e-20;GRS:4FGL_J1514.3-4946[aab+22];HE;
150;J1516-43;0.036022;*;*;*;
151;B1516+02B;0.007947;-3.30e-21;GC:M5(NGC5904);*;
152;J1518+0204C;0.002484;2.61e-20;GC:M5(NGC5904),OPT:COM_M5C[prf+14];*;
153;J1518+0204D;0.002988;*;GC:M5(NGC5904);*;
154;J1518+0204E;0.003182;*;GC:M5(NGC5904);*;
155;J1518+4904;0.040935;2.72e-20;*;*;
156;J1525-5545;0.011360;1.31e-19;*;*;
157;J1526-2744;0.002489;3.54e-21;GRS:[cbb+23];NRAD[aab+22];
158;J1528-3146;0.060822;2.49e-19;*;*;
159;J1529-3828;0.008486;2.70e-20;*;*;
160;J1529-5609;0.036032;*;*;*;
161;J1536-4948;0.003080;2.12e-20;GRS:4FGL_J1536.4-4948[brj+21];HE[brj+21];
162;J1536-6149;0.006875;*;*;*;
163;B1534+12;0.037904;2.42e-18;XRS:[kpg06b];*;
164;J1537-5312;0.006927;1.59e-20;*;*;
165;J1543-5149;0.002057;1.62e-20;GRS:4FGL_J1543.6-5148[aab+22];HE[aab+22];
166;J1543-5439;0.004312;*;*;*;
167;J1544+4937;0.002159;2.80e-21;GRS:4FGL_J1544.0+4939[aab+22],OPT:[tkp+1;HE[brr+13];
168;J1545-4550;0.003575;5.25e-20;*;*;
169;J1546-3747A;0.002606;*;GC:NGC5986;*;
170;J1547-5709;0.004291;7.45e-21;*;*;
171;J1554-5906;0.008702;*;*;*;
172;J1555-2908;0.001788;4.45e-20;OPT:Gaia_ID6041127310076589056[gbv+21],G;HE[rnc+22];
173;J1600-3053;0.003598;9.50e-21;GRS:4FGL_J1600.9-3054[aab+22],XRS:[pb15];HE[egc+13];
174;J1603-7202;0.014842;1.56e-20;*;*;
175;J1614-2230;0.003151;9.62e-21;GRS:4FGL_J1614.5-2230[aab+22],OPT:[bk11];HE[aaa+09f];
176;J1614-2318;0.033504;5.15e-20;*;*;
177;J1615-5609;0.003359;*;*;*;
178;J1618-3921;0.011987;5.41e-20;*;*;
179;J1618-4624;0.005931;3.10e-21;GRS:4FGL_J1618.7-4633[aab+22];HE[ccb+20],HE[aab+22];
180;J1622-0315;0.003845;1.14e-20;GRS:4FGL_J1623.0-0315[aab+22];HE;
181;J1622-6617;0.023623;5.88e-20;*;*;
182;B1620-26;0.011076;6.71e-19;GC:NGC6121(M4),XRS:[pkgw07];*;
183;J1623-6936;0.002410;*;GRS:4FGL_J1623.9-6936[cbb+23];*;
184;J1625-0021;0.002834;2.13e-20;GRS:4FGL_J1625.1-0020[aab+22];HE[drc+21];
185;J1627+3219;0.002183;5.48e-21;GRS:4FGL_J1627.7+3219[aab+22];NRAD[aab+22];
186;J1628-3205;0.003212;1.20e-20;GRS:4FGL_J1628.1-3204[aab+22],OPT:[lht14;HE;
187;J1630+3550;0.003229;2.09e-20;*;*;
188;J1630+3734;0.003318;1.07e-20;GRS:4FGL_J1630.6+3734[aab+22];HE;
189;J1638-4725;0.763933;4.79e-15;*;*;
190;J1640+2224;0.003163;2.82e-21;GRS:4FGL_J1640.1+2222[aab+22];HE[aab+22];
191;B1639+36B;0.003528;-1.49e-22;GC:M13(NGC6205),XRS:[zzh21];*;
192;J1641+3627D;0.003118;-2.35e-20;GC:M13(NGC6205),XRS:[zzh21],OPT:[zzh21];*;
193;J1641+3627E;0.002487;1.74e-20;GC:M13(NGC6205),XRS:[zzh21];*;
194;J1641+3627F;0.003004;1.40e-20;GC:M13(NGC6205),XRS:[zzh21],OPT:[zzh21];*;
195;J1641+8049;0.002021;8.95e-21;GRS:4FGL_J1641.2+8049[aab+22],OPT:[lsk+1;HE[aab+22];
196;J1643-1224;0.004622;1.85e-20;*;*;
197;J1653-0158;0.001968;2.40e-21;GRS:4FGL_J1653.6-0158[aab+22];NRAD[aab+22];
198;J1653-2054;0.004129;1.12e-20;*;*;
199;J1658+3630;0.033028;1.16e-19;*;*;
200;J1701-3006A;0.005242;-1.30e-19;GC:M62(NGC6266);*;
201;J1701-3006B;0.003594;-3.48e-19;GC:M62(NGC6266);*;
202;J1701-3006C;0.007613;-6.41e-20;GC:M62(NGC6266);*;
203;J1701-3006D;0.003418;1.26e-19;GC:M62(NGC6266);*;
204;J1701-3006E;0.003234;3.10e-19;GC:M62(NGC6266);*;
205;J1701-3006F;0.002295;2.22e-19;GC:M62(NGC6266);*;
206;J1701-3006G;0.004608;*;GC:M62(NGC6266)[rgf+21];*;
207;J1708-3506;0.004505;1.14e-20;*;*;
208;J1708-4843;0.016657;*;*;*;
209;J1709+2313;0.004631;3.63e-21;*;*;
210;J1711-4322;0.102618;2.67e-17;*;*;
211;J1713+0747;0.004570;8.53e-21;GRS:4FGL_J1713.8+0747[aab+22];HE[egc+13];
212;J1717+4308A;0.003160;6.11e-20;GC:NGC6341(M92)[prl+20];*;
213;J1719-1438;0.005790;8.04e-21;*;*;
214;J1720-0533;0.003268;8.17e-21;*;*;
215;B1718-19;1.004037;1.62e-15;GC:NGC6342,GRS:4FGL_J1720.8-1937[aab+22];HE[aab+22];
216;J1723-2837;0.001856;7.54e-21;OPT:2MASS_J17232318-2837571[cls+13];*;
217;J1727-2946;0.027083;2.46e-19;*;*;
218;J1727-2951;0.028405;3.10e-19;*;*;
219;J1731-1847;0.002345;2.54e-20;GRS:4FGL_J1731.7-1850[aab+22],XRS:[pb15];HE[aab+22];
220;J1732-5049;0.005313;1.42e-20;GRS:4FGL_J1732.7-5050[aab+22];HE;
221;J1737-0314A;0.001980;9.56e-20;GC:M14(NGC6402)[pqm+21];*;
222;J1737-0811;0.004175;7.93e-21;*;*;
223;J1738+0333;0.005850;2.41e-20;OPT:[avk+12];*;
224;J1740-3052;0.570313;2.55e-14;OPT:[bbn+11];*;
225;J1740-5340A;0.003650;1.68e-19;GC:NGC6397,OPT:[fpds01],XRS:[ghe+01];*;
226;J1740-5340B;0.005787;-6.03e-21;GC:NGC6397[zrb+22],GC:NGC6397,OPT:[zht+2;*;
227;J1741+1351;0.003747;3.02e-20;GRS:4FGL_J1741.4+1354[aab+22],OPT:[zkk+1;HE[egc+13];
228;J1744-3922;0.172444;1.55e-18;*;*;
229;J1745+1017;0.002652;2.73e-21;GRS:4FGL_J1745.5+1017[aab+22];HE;
230;J1745-0952;0.019376;9.25e-20;*;*;
231;J1745-23;0.005417;*;*;*;
232;J1748-2021B;0.016760;-3.29e-19;GC:NGC6440;*;
233;J1748-2021D;0.013496;5.87e-19;GC:NGC6440;*;
234;J1748-2021F;0.003794;-1.05e-20;GC:NGC6440;*;
235;B1744-24A;0.011563;-3.40e-20;GC:Terzan5;*;
236;J1748-2446E;0.002198;*;GC:Terzan5;*;
237;J1748-2446I;0.009570;*;GC:Terzan5;*;
238;J1748-2446J;0.080338;*;GC:Terzan5;*;
239;J1748-2446M;0.003570;*;GC:Terzan5;*;
240;J1748-2446N;0.008667;*;GC:Terzan5;*;
241;J1748-2446O;0.001677;*;GC:Terzan5;*;
242;J1748-2446P;0.001729;*;GC:Terzan5;*;
243;J1748-2446Q;0.002812;*;GC:Terzan5;*;
244;J1748-2446U;0.003289;*;GC:Terzan5;*;
245;J1748-2446V;0.002073;*;GC:Terzan5;*;
246;J1748-2446W;0.004205;*;GC:Terzan5;*;
247;J1748-2446X;0.002999;*;GC:Terzan5;*;
248;J1748-2446Y;0.002048;*;GC:Terzan5;*;
249;J1748-2446Z;0.002463;*;GC:Terzan5;*;
250;J1748-2446ab;0.005120;*;GC:Terzan5;*;
251;J1748-2446ad;0.001396;0.00e+00;GC:Terzan5;*;
252;J1748-2446ae;0.003659;*;GC:Terzan5;*;
253;J1748-2446ai;0.021228;*;GC:Terzan5;*;
254;J1748-2446am;0.002934;-1.37e-19;GC:Terzan5;*;
255;J1748-2446an;0.004802;1.56e-19;GC:Terzan5;*;
256;J1748-3009;0.009684;-3.58e-20;*;*;
257;J1750-2536;0.034749;*;*;*;
258;J1750-3703A;0.111601;5.66e-18;GC:NGC6441;*;
259;J1750-3703B;0.006075;1.92e-20;GC:NGC6441;*;
260;J1751-2857;0.003915;1.12e-20;*;*;
261;J1753-2240;0.095138;9.70e-19;*;*;
262;J1753-2819;0.018624;-4.94e-20;*;*;
263;J1755-2550;0.315196;2.43e-15;*;*;
264;J1755-3716;0.012786;3.11e-20;*;*;
265;J1756-2251;0.028462;1.02e-18;*;*;
266;J1757-1854;0.021497;2.63e-18;*;*;
267;J1757-5322;0.008870;2.63e-20;*;*;
268;J1757-6032;0.002913;*;GRS:4FGL_J1757.7-6032[cbb+23];*;
269;J1759+5036;0.176016;2.43e-19;*;*;
270;J1801-0857B;0.028962;2.20e-18;GC:NGC6517;*;
271;J1801-3210;0.007454;7.22e-23;*;*;
272;J1802-2124;0.012648;7.26e-20;*;*;
273;B1800-27;0.334415;1.71e-17;*;*;
274;J1803-6707;0.002135;1.85e-20;GRS:4FGL_J1803.1-6708[cbb+23],XRS:[cbb+2;HE[saa+23];
275;B1802-07;0.023101;4.67e-19;GC:NGC6539;*;
276;J1804-2717;0.009343;4.09e-20;*;*;
277;J1805+0615;0.002129;2.28e-20;GRS:4FGL_J1805.6+0615[aab+22];HE[cck+16];
278;J1806+2819;0.015084;3.75e-20;GRS:4FGL_J1807.1+2822[aab+22];HE[kmk+18],HE[aab+22];
279;J1807-2459A;0.003059;-4.33e-21;GC:NGC6544;*;
280;J1807-2459B;0.004186;8.23e-20;GC:NGC6544;*;
281;J1810+1744;0.001660;4.60e-21;GRS:4FGL_J1810.5+1744[aab+22],OPT:[bvr+1;HE;
282;J1810-2005;0.032822;1.47e-19;*;*;
283;J1811-0624;0.004146;4.81e-21;*;*;
284;J1811-1736;0.104182;9.01e-19;*;*;
285;J1811-2405;0.002661;1.38e-20;GRS:4FGL_J1811.3-2403[aab+22];HE[aab+22];
286;J1813-0402;0.004107;6.94e-21;*;*;
287;J1813-2621;0.004430;1.25e-20;*;*;
288;J1816+4510;0.003193;4.31e-20;GRS:4FGL_J1816.5+4510[aab+22],OPT:[kbv+1;HE[ksr+12];
289;J1822-0848;0.834839;1.35e-16;*;*;
290;B1820-11;0.279829;1.38e-15;*;*;
291;J1823-3021G;0.006091;-1.78e-20;GC:NGC6624;*;
292;J1823-3543;0.002425;*;GRS:4FGL_J1823.8-3544[aab+22];NRAD[aab+22];
293;J1824+1014;0.004066;5.37e-21;GRS:4FGL_J1824.1+1013[aab+22];HE[drc+21];
294;J1824-0621;0.003233;9.14e-21;*;*;
295;J1824-2452C;0.004159;*;GC:M28(NGC6626),XRS:[bvs+11];*;
296;J1824-2452D;0.079832;*;GC:M28(NGC6626),XRS:[bvs+11];*;
297;J1824-2452G;0.005909;*;GC:M28(NGC6626),XRS:(?)[bvs+11];*;
298;J1824-2452H;0.004629;*;GC:M28(NGC6626),OPT:COM-M28H[pdf+10],XRS;*;
299;J1824-2452I;0.003932;0.00e+00;GC:M28(NGC6626),XRS:IGR_J18245-2452[pfb+;HE;
300;J1824-2452J;0.004039;*;GC:M28(NGC6626),XRS:[bvs+11];*;
301;J1824-2452K;0.004461;*;GC:M28(NGC6626),XRS:[bvs+11];*;
302;J1824-2452L;0.004100;*;GC:M28(NGC6626);*;
303;J1824-2452M;0.004784;1.23e-19;GC:M28(NGC6626)[dpr+22];*;
304;J1824-2452N;0.003353;1.59e-19;GC:M28(NGC6626)[dpr+22];*;
305;J1825-0319;0.004554;6.80e-21;*;*;
306;J1828+0625;0.003628;4.70e-21;*;*;
307;J1829+2456;0.041010;5.25e-20;*;*;
308;J1833-3840;0.001866;1.77e-20;GRS:4FGL_J1833.0-3840[aab+22];HE[aab+22];
309;B1831-00;0.520954;1.05e-17;*;*;
310;J1835-0114;0.005116;7.00e-21;*;*;
311;J1835-3259B;0.001830;4.34e-20;GC:NGC6652[grf+22];HE[zxw22];
312;J1836-2354A;0.003354;2.32e-21;GC:M22(NGC6656);*;
313;J1837-0822;1.099196;1.21e-16;*;*;
314;J1840-0643;0.035578;9.54e-20;*;*;
315;J1841+0130;0.029773;8.17e-18;*;*;
316;J1844+0115;0.004186;1.07e-20;*;*;
317;J1850+0124;0.003560;1.09e-20;*;*;
318;J1850+0242;0.004480;1.63e-19;*;*;
319;J1853+1303;0.004092;8.72e-21;*;*;
320;J1853-0842A;0.002149;-2.39e-21;GC:NGC6712[ypr+21];*;
321;J1855-1436;0.003594;1.09e-20;GRS:4FGL_J1855.9-1435[aab+22];HE;
322;B1855+09;0.005362;1.78e-20;*;*;
323;J1858-2216;0.002384;3.80e-21;GRS:4FGL_J1858.3-2216[aab+22];HE;
324;J1858-5422;0.002356;*;GRS:4FGL_J1858.3-5424[aab+22];HE[bar+23];
325;J1900+0308;0.004909;5.90e-21;*;*;
326;J1901+0300;0.007797;4.57e-20;*;*;
327;J1902-5105;0.001742;9.20e-21;GRS:4FGL_J1902.0-5105[aab+22];HE;
328;J1903+0327;0.002150;1.88e-20;OPT:[fbw+11];*;
329;J1903-7051;0.003598;1.04e-20;GRS:4FGL_J1903.4-7053[aab+22];HE[ckr+15];
330;J1904+0412;0.071095;1.10e-19;*;*;
331;J1905+0154A;0.003193;*;GC:NGC6749;*;
332;J1906+0055;0.002790;3.32e-21;*;*;
333;J1906+0454;0.002083;2.98e-21;*;*;
334;J1906+0746;0.144073;2.03e-14;*;*;
335;J1906-1754;0.002876;*;*;*;
336;J1908+0128;0.004702;5.27e-20;*;*;
337;J1908+2105;0.002564;1.38e-20;GRS:4FGL_J1908.9+2103[aab+22];HE[drc+21];
338;J1909-3744;0.002947;1.40e-20;*;*;
339;J1910+1256;0.004984;9.68e-21;*;*;
340;J1910-5959A;0.003266;-2.92e-21;GC:NGC6752,XRS:[fhc+14];*;
341;B1908+00A;0.003619;-6.58e-21;GC:NGC6760,OPT:[bvvh03];*;
342;J1911-1114;0.003626;1.39e-20;XRS:[pb15];*;
343;J1912-0952;0.025068;2.86e-20;*;*;
344;J1913+0618;0.005027;9.61e-21;*;*;
345;J1913+1102;0.027285;1.61e-19;*;*;
346;B1913+16;0.059030;8.62e-18;*;*;
347;J1918-0642;0.007646;2.57e-20;*;*;
348;J1921+0137;0.002496;1.94e-20;GRS:4FGL_J1921.4+0136[aab+22];HE;
349;J1921+1929;0.002646;3.82e-20;GRS:4FGL_J1921.1+1930[aab+22];HE;
350;J1928+1245;0.003022;1.68e-20;*;*;
351;J1929+0132;0.006418;8.56e-21;*;*;
352;J1930+2441;0.005767;8.65e-21;*;*;
353;J1930-1852;0.185520;1.80e-17;*;*;
354;J1932+1500;1.864332;4.59e-16;*;*;
355;J1932+1756;0.041831;4.32e-19;*;*;
356;J1933+1726;0.021507;4.90e-20;*;*;
357;J1933-6211;0.003543;3.87e-21;*;*;
358;J1935+1726;0.004200;*;*;*;
359;J1937+1658;0.003958;1.32e-20;*;*;
360;J1938+2012;0.002634;7.50e-22;*;*;
361;J1938+6604;0.022259;1.95e-20;*;*;
362;J1943+2210;0.005084;8.79e-21;*;*;
363;J1946+2052;0.016960;9.20e-19;*;*;
364;J1946+3417;0.003170;3.16e-21;GRS:[sbc+19];HE[sbc+19];
365;J1946-5403;0.002710;*;GRS:4FGL_J1946.5-5402[aab+22];HE[ckr+15];
366;J1949+3106;0.013138;9.39e-20;*;*;
367;J1950+2414;0.004305;1.88e-20;GRS:4FGL_J1950.6+2416[aab+22];HE[kls+15],HE[aab+22];
368;J1952+2630;0.020732;4.27e-18;*;*;
369;J1953+1844;0.004444;2.19e-20;GC:M71(NGC6838)[plj+23];*;
370;J1953+1846A;0.004888;*;GC:M71(NGC6838)[hrs+07];*;
371;J1954+2529;0.931210;1.26e-15;*;*;
372;B1953+29;0.006133;2.97e-20;*;*;
373;J1957+2516;0.003962;2.74e-20;GRS:4FGL_J1957.3+2517[aab+22];HE[lbh+15],HE[aab+22];
374;B1957+20;0.001607;1.69e-20;GRS:4FGL_J1959.5+2048[aab+22],XRS:[hb07a;HE[aaa+10g];
375;J2001+0701;0.006820;1.44e-20;*;*;
376;J2006+0148;0.002164;3.30e-21;GRS:4FGL_J2006.4+0147[aab+22];HE[drc+21];
377;J2010+3051;0.004816;4.87e-21;*;*;
378;J2015+0756;0.004328;6.67e-21;*;*;
379;J2016+1948;0.064940;4.01e-19;*;*;
380;J2017+0603;0.002896;7.99e-21;GRS:4FGL_J2017.4+0602[aab+22],XRS:[pb15];HE;
381;J2017-1614;0.002314;2.45e-21;GRS:4FGL_J2017.7-1612[aab+22];HE;
382;J2019+2425;0.003935;7.02e-21;*;*;
383;J2022+2534;0.002646;6.16e-21;*;*;
384;J2032+4127;0.143246;1.13e-14;GRS:4FGL_J2032.2+4127[aab+22],OPT:MT91_2;HE;
385;J2033+1734;0.005949;1.11e-20;*;*;
386;J2039-3616;0.003275;8.41e-21;GRS:4FGL_J2039.4-3616[aab+22];HE[slr+14],HE[aab+22];
387;J2039-5617;0.002651;1.42e-20;GRS:4FGL_J2039.5-5617[aab+22];HE[cnv+21],HE[cms+21];
388;J2042+0246;0.004534;1.40e-20;GRS:4FGL_J2042.2+0245[aab+22];HE;
389;J2043+1711;0.002380;5.24e-21;GRS:4FGL_J2043.3+1711[aab+22];HE;
390;J2045+3633;0.031682;5.88e-19;*;*;
391;J2047+1053;0.004286;2.08e-20;GRS:4FGL_J2047.3+1051[aab+22];HE;
392;J2051-0827;0.004509;1.27e-20;GRS:4FGL_J2051.0-0826[aab+22];HE[sbl+96],HE[wkh+12];
393;J2052+1219;0.001985;6.70e-21;GRS:4FGL_J2052.7+1218[aab+22];HE[cck+16],HE[aab+22];
394;J2053+4650;0.012586;1.72e-19;*;*;
395;J2055+3829;0.002089;1.00e-21;*;*;
396;J2108+4516;0.577231;4.37e-15;*;*;
397;J2115+5448;0.002603;7.49e-20;GRS:4FGL_J2115.1+5449[aab+22];HE;
398;J2116+1345;0.002219;1.76e-21;GRS:4FGL_J2117.0+1344;HE[saa+23];
399;B2127+11C;0.030529;4.99e-18;GC:M15(NGC7078);*;
400;J2129-0429;0.007620;*;GRS:4FGL_J2129.8-0428[aab+22],OPT:[bkb+1;HE;
401;J2129-5721;0.003726;2.09e-20;*;*;
402;J2140-2310A;0.011019;-5.18e-20;GC:M30(NGC7099);*;
403;J2144-5237;0.005041;8.90e-21;*;*;
404;J2145-0750;0.016052;2.98e-20;*;*;
405;J2150-0326;0.003511;8.16e-21;*;*;
406;J2204+2700;0.084703;1.31e-19;*;*;
407;J2205+6012;0.002416;1.98e-20;GRS:4FGL_J2205.8-8254c[aab+22];HE[goc+19],HE[aab+22];
408;J2208+4610;0.642506;2.68e-18;*;*;
409;J2214+3000;0.003119;1.47e-20;GRS:4FGL_J2214.6+3000[aab+22],OPT:[sh14];HE;
410;J2215+5135;0.002610;3.34e-20;GRS:4FGL_J2215.6+5135[aab+22],OPT:[bvr+1;HE;
411;J2222-0137;0.032818;5.80e-19;OPT:[blr+13],OPT:[kbd+14],XRS:[pb15];*;
412;J2229+2643;0.002978;1.52e-21;*;*;
413;J2234+0611;0.003577;1.20e-20;*;*;
414;J2234+0944;0.003627;2.01e-20;GRS:4FGL_J2234.7+0943[aab+22];HE;
415;J2236-5527;0.006908;9.60e-21;*;*;
416;J2241-5236;0.002187;6.90e-21;GRS:4FGL_J2241.7-5236[aab+22],XRS:;HE;
417;J2256-1024;0.002295;1.14e-20;GRS:4FGL_J2256.8-1024[aab+22],OPT:[bvr+1;HE;
418;J2302+4442;0.005192;1.39e-20;GRS:4FGL_J2302.7+4443[aab+22],XRS:XMMUJ2;HE;
419;B2303+46;1.066371;5.69e-16;*;*;
420;J2310-0555;0.002613;4.96e-21;GRS:4FGL_J2310.0-0555[aab+22];HE;
421;J2317+1439;0.003445;2.43e-21;GRS:4FGL_J2317.3+1433[aab+22],OPT:[dsw+1;HE[aab+22];
422;J2322-2650;0.003463;5.83e-22;OPT:(?)[sbb+18];*;
423;J2338+4818;0.118710;1.97e-18;*;*;
424;J2339-0533;0.002884;1.41e-20;GRS:4FGL_J2339.6-0533[aab+22],OPT:[rs11];HE[rpp+20];
425;J2355+0051;0.003719;3.22e-21;*;*;